Hero Icon,Hero Name (multiple search terms allowed, separated by space. * wildcards allowed, i.e. sv* matches Sven, *don matches Abaddon),Primary Stat,Agility,Agility Gain,Intelligence,Intelligence Gain,Strength,Strength Gain,Health,Health Regen,Mana,Mana Regen,Armor,%Physical Damage Reduction,Movement Speed,Turn Rate,Base Damage Average,Base Damage Min,Base Damage Max,Bonus Damage,Bonus Damage Reduction,Damage Average,Damage Min,Damage Max,Status Resistance,Magic Resistance,Base Attack Time,Increased Attack Speed,Attack Type,Attack Time,Attacks Per Second,Attack Point,Projectile Speed,Evasion,Physical Effective Health,Magical Effective Health,Bash Chance,Crit Chance,Miss Chance,Attack Range,Vision Range Day,Vision Range Night,Lifesteal,Attack Damage,Damage Per Second
<div class="heroes-sprite-abaddon heroes-sprite-32x18"></div>,Abaddon,STR,17,1.5,21,2,23,2.6,660,1.75,327,1.28,1.83,8.4,310,0.5,60,55,65,0,0,60,55,65,3.45,25,1.7,17,MELEE,1.45,0.69,0.56,900,0,720.5,880,0,0,0,150,1800,800,0,60,41.4
<div class="heroes-sprite-abyssal_underlord heroes-sprite-32x18"></div>,Underlord,STR,12,1.3,17,2.6,25,2.9,700,1.77,279,1.21,4,16.67,290,0.6,65,62,68,0,0,65,62,68,3.75,25,1.7,12,MELEE,1.52,0.66,0.45,900,0,840,933.33,0,0,0,150,1800,800,0,65,42.9
<div class="heroes-sprite-alchemist heroes-sprite-32x18"></div>,Alchemist,STR,16,1.2,25,1.8,25,2.1,700,1.77,375,1.35,2.67,11.76,295,0.6,53.5,49,58,0,0,53.5,49,58,3.75,25,1.7,16,MELEE,1.47,0.68,0.35,900,0,793.33,933.33,0,0,0,150,1800,800,0,53.5,36.38
<div class="heroes-sprite-ancient_apparition heroes-sprite-32x18"></div>,Ancient Apparition,INT,20,2.2,25,2.6,18,1.7,560,1.69,375,1.35,2.33,10.45,295,0.6,49,44,54,0,0,49,44,54,0,22.19,1.7,20,RANGED,1.42,0.71,0.45,1250,0,625.33,719.68,0,0,0,675,1800,800,0,49,34.79
<div class="heroes-sprite-antimage heroes-sprite-32x18"></div>,Anti-Mage,AGI,22,2.8,12,1.8,22,1.3,640,1.74,219,1.12,2.67,11.76,314.09,0.5,51,49,53,0,0,51,49,53,0,25,1.45,22,MELEE,1.19,0.84,0.3,0,0,725.33,853.33,0,0,0,150,1800,800,0,51,42.84
<div class="heroes-sprite-arc_warden heroes-sprite-32x18"></div>,Arc Warden,AGI,15,1.8,24,2.6,24,3,680,1.76,363,1.33,0.5,2.44,282.52,0.6,49,44,54,0,0,49,44,54,0,25,1.7,15,RANGED,1.48,0.68,0.3,900,0,697,906.67,0,0,0,625,1800,800,0,49,33.32
<div class="heroes-sprite-axe heroes-sprite-32x18"></div>,Axe,STR,20,2.2,18,1.6,25,2.8,700,5.01,291,1.22,2.33,10.45,290,0.6,51,49,53,0,0,51,49,53,3.75,25,1.7,20,MELEE,1.42,0.71,0.5,900,0,781.67,933.33,0,0,0,150,1800,800,0,51,36.21
<div class="heroes-sprite-bane heroes-sprite-32x18"></div>,Bane,INT,23,2.4,23,2.4,23,2.4,660,1.75,351,1.31,4.83,19.46,310,0.6,63,60,66,0,0,63,60,66,0,22.41,1.7,23,RANGED,1.38,0.72,0.3,900,0,819.5,850.65,0,0,0,400,1800,800,0,63,45.36
<div class="heroes-sprite-batrider heroes-sprite-32x18"></div>,Batrider,INT,15,1.5,24,2.5,23,2.7,660,3.78,363,1.33,2.5,11.11,290,1,40,38,42,0,0,40,38,42,0,22.3,1.7,15,RANGED,1.48,0.68,0.3,900,0,742.5,849.42,0,0,0,375,1200,800,0,40,27.2
<div class="heroes-sprite-beastmaster heroes-sprite-32x18"></div>,Beastmaster,STR,18,1.6,16,1.9,23,2.5,660,1.75,267,1.19,5,20,310,0.5,66,64,68,0,0,66,64,68,3.45,25,1.7,18,MELEE,1.44,0.69,0.3,0,0,825,880,0,0,0,150,1800,800,0,66,45.54
<div class="heroes-sprite-bloodseeker heroes-sprite-32x18"></div>,Bloodseeker,AGI,24,3,18,1.7,23,2.7,660,1.75,291,1.22,4,16.67,289.1,0.5,60,57,63,0,0,60,57,63,0,25,1.7,24,MELEE,1.37,0.73,0.43,900,0,792,880,0,0,0,150,1800,800,0,60,43.8
<div class="heroes-sprite-bounty_hunter heroes-sprite-32x18"></div>,Bounty Hunter,AGI,21,3,19,2,17,2.1,540,2.24,303,1.24,6.5,24.53,318.97,0.6,52,45,59,0,0,52,45,59,0,25,1.7,21,MELEE,1.4,0.71,0.59,900,0,715.5,720,0,0,0,150,1800,1000,0,52,36.92
<div class="heroes-sprite-brewmaster heroes-sprite-32x18"></div>,Brewmaster,STR,22,1.95,14,1.25,23,3.2,660,2.33,243,1.15,2.67,11.76,300,0.6,55.5,52,59,0,0,55.5,52,59,3.45,25,1.7,22,MELEE,1.39,0.72,0.35,900,0,748,880,0,0,0,150,1800,800,0,55.5,39.96
<div class="heroes-sprite-bristleback heroes-sprite-32x18"></div>,Bristleback,STR,17,1.8,14,2.8,22,2.2,640,1.74,243,1.15,3.83,16.08,290,1,49,44,54,0,0,49,44,54,3.3,25,1.8,17,MELEE,1.54,0.65,0.3,900,0,762.67,853.33,0,0,0,150,1800,800,0,49,31.85
<div class="heroes-sprite-broodmother heroes-sprite-32x18"></div>,Broodmother,AGI,18,2.2,18,2,17,2.8,540,1.68,291,1.22,3,13.04,272.92,0.5,47,44,50,0,0,47,44,50,0,25,1.7,18,MELEE,1.44,0.69,0.4,900,0,621,720,0,0,0,150,1800,800,0,47,32.43
<div class="heroes-sprite-centaur heroes-sprite-32x18"></div>,Centaur Warrunner,STR,15,1,15,1.6,23,4.3,660,1.75,255,1.17,2.5,11.11,300,0.5,56,55,57,0,0,56,55,57,3.45,25,1.7,15,MELEE,1.48,0.68,0.3,900,0,742.5,880,0,0,0,150,1800,800,0,56,38.08
<div class="heroes-sprite-chaos_knight heroes-sprite-32x18"></div>,Chaos Knight,STR,14,2.1,16,1.2,22,3.2,640,1.74,267,1.19,4.33,17.81,325,0.5,66,51,81,0,0,66,51,81,3.3,25,1.7,14,MELEE,1.49,0.67,0.5,900,0,778.67,853.33,0,0,0,150,1800,800,0,66,44.22
<div class="heroes-sprite-chen heroes-sprite-32x18"></div>,Chen,INT,15,2.1,21,2.8,23,1.8,660,1.75,327,1.28,1.5,6.98,310,0.6,53,48,58,0,0,53,48,58,0,22.64,1.7,15,RANGED,1.48,0.68,0.5,1100,0,709.5,853.13,0,0,0,650,1800,800,0,53,36.04
<div class="heroes-sprite-clinkz heroes-sprite-32x18"></div>,Clinkz,AGI,22,2.6,16,1.55,15,1.9,500,1.66,267,1.19,2.67,11.76,298.89,0.5,40,37,43,0,0,40,37,43,0,25,1.7,22,RANGED,1.39,0.72,0.7,900,0,566.67,666.67,0,0,0,640,1800,800,0,40,28.8
<div class="heroes-sprite-crystal_maiden heroes-sprite-32x18"></div>,Crystal Maiden,INT,16,1.6,16,2.9,16,2,520,1.67,267,1.19,1.67,7.69,275,0.5,38,35,41,0,0,38,35,41,0,23.2,1.7,16,RANGED,1.47,0.68,0.55,900,0,563.33,677.08,0,0,0,600,1800,800,0,38,25.84
<div class="heroes-sprite-dark_seer heroes-sprite-32x18"></div>,Dark Seer,INT,12,1.2,23,2.7,22,2.6,640,1.74,351,1.31,7,25.93,295,0.6,57,54,60,0,0,57,54,60,0,22.41,1.7,12,MELEE,1.52,0.66,0.59,900,0,864,824.88,0,0,0,150,1800,800,0,57,37.62
<div class="heroes-sprite-dark_willow heroes-sprite-32x18"></div>,Dark Willow,INT,18,1.6,20,3,18,1.8,560,1.69,315,1.26,2,9.09,295,0.7,49,45,53,0,0,49,45,53,0,22.75,1.3,18,RANGED,1.1,0.91,0.3,1200,0,616,724.92,0,0,0,475,1800,800,0,49,44.59
<div class="heroes-sprite-dazzle heroes-sprite-32x18"></div>,Dazzle,INT,21,1.7,27,3.4,16,2.15,520,1.67,399,1.39,2.5,11.11,305,0.6,50,41,59,0,0,50,41,59,0,21.96,1.7,21,RANGED,1.4,0.71,0.3,1200,0,585,666.35,0,0,0,550,1800,800,0,50,35.5
<div class="heroes-sprite-death_prophet heroes-sprite-32x18"></div>,Death Prophet,INT,14,1.4,23,3,17,2.6,540,2.24,351,1.31,3.33,14.29,310,0.5,53,47,59,0,0,53,47,59,0,22.41,1.7,14,RANGED,1.49,0.67,0.56,1000,0,630,695.99,0,0,0,600,1800,800,0,53,35.51
<div class="heroes-sprite-disruptor heroes-sprite-32x18"></div>,Disruptor,INT,15,1.4,22,2.5,19,2.2,580,1.7,339,1.3,1.5,6.98,300,0.5,51,49,53,0,0,51,49,53,0,22.53,1.7,15,RANGED,1.48,0.68,0.4,1200,0,623.5,748.63,0,0,0,600,1800,800,0,51,34.68
<div class="heroes-sprite-doom_bringer heroes-sprite-32x18"></div>,Doom,STR,11,0.9,13,2.1,26,3.5,720,1.78,231,1.13,0.83,4,290,0.5,61,53,69,0,0,61,53,69,3.9,25,2,11,MELEE,1.8,0.56,0.5,900,0,750,960,0,0,0,150,1800,800,0,61,34.16
<div class="heroes-sprite-dragon_knight heroes-sprite-32x18"></div>,Dragon Knight,STR,19,2.2,15,1.7,19,3.1,580,1.7,255,1.17,4.17,17.24,290,0.6,53,50,56,0,0,53,50,56,2.85,25,1.7,19,MELEE,1.43,0.7,0.5,900,0,700.83,773.33,0,0,0,150,1800,800,0,53,37.1
<div class="heroes-sprite-drow_ranger heroes-sprite-32x18"></div>,Drow Ranger,AGI,26,1.9,15,1.4,17,1.9,540,1.68,255,1.17,1.33,6.25,289.45,0.7,45.5,40,51,0,0,45.5,40,51,0,25,1.7,26,RANGED,1.35,0.74,0.7,1250,0,576,720,0,0,0,625,1800,800,0,45.5,33.67
<div class="heroes-sprite-earth_spirit heroes-sprite-32x18"></div>,Earth Spirit,STR,17,1.5,18,2.1,21,3.2,620,1.72,291,1.22,3.83,16.08,290,0.6,51,46,56,0,0,51,46,56,3.15,25,1.7,17,MELEE,1.45,0.69,0.35,900,0,738.83,826.67,0,0,0,150,1800,800,0,51,35.19
<div class="heroes-sprite-earthshaker heroes-sprite-32x18"></div>,Earthshaker,STR,12,1.4,16,1.8,22,3.2,640,2.31,267,1.19,3,13.04,310,0.9,51,46,56,0,0,51,46,56,3.3,25,1.7,12,MELEE,1.52,0.66,0.467,0,0,736,853.33,0,0,0,150,1800,800,0,51,33.66
<div class="heroes-sprite-elder_titan heroes-sprite-32x18"></div>,Elder Titan,STR,14,1.8,23,1.6,24,2.6,680,1.76,351,1.31,3.33,14.29,315,0.5,52,47,57,0,0,52,47,57,3.6,25,1.7,14,MELEE,1.49,0.67,0.35,900,0,793.33,906.67,0,0,0,150,1800,800,0,52,34.84
<div class="heroes-sprite-ember_spirit heroes-sprite-32x18"></div>,Ember Spirit,AGI,22,1.8,20,1.8,19,2.1,580,2.27,315,1.26,1.67,7.69,309.03,0.5,54,52,56,0,0,54,52,56,0,25,1.7,22,MELEE,1.39,0.72,0.4,900,0,628.33,773.33,0,0,0,150,1800,800,0,54,38.88
<div class="heroes-sprite-enchantress heroes-sprite-32x18"></div>,Enchantress,INT,19,1.8,21,3.1,16,1.3,520,1.67,327,1.28,1.17,5.51,340,0.5,57,52,62,0,0,57,52,62,0,22.64,1.7,19,RANGED,1.43,0.7,0.3,900,0,550.33,672.16,0,0,0,550,1800,800,0,57,39.9
<div class="heroes-sprite-enigma heroes-sprite-32x18"></div>,Enigma,INT,14,1,20,3.4,19,2.4,580,1.7,315,1.26,4.33,17.81,300,0.5,45,42,48,0,0,45,42,48,0,22.75,1.7,14,RANGED,1.49,0.67,0.4,900,0,705.67,750.81,0,0,0,500,1800,800,0,45,30.15
<div class="heroes-sprite-faceless_void heroes-sprite-32x18"></div>,Faceless Void,AGI,23,2.8,15,1.5,23,2.1,660,2.33,255,1.17,3.83,16.08,299.07,1,59,56,62,0,0,59,56,62,0,25,1.7,23,MELEE,1.38,0.72,0.5,900,0,786.5,880,0,0,0,150,1800,800,0,59,42.48
<div class="heroes-sprite-furion heroes-sprite-32x18"></div>,Nature's Prophet,INT,18,1.9,25,2.9,19,2.1,580,1.7,375,1.35,4,16.67,290,0.6,62,55,69,0,0,62,55,69,0,22.19,1.7,18,RANGED,1.44,0.69,0.4,1125,0,696,745.38,0,0,0,600,1800,800,0,62,42.78
<div class="heroes-sprite-gyrocopter heroes-sprite-32x18"></div>,Gyrocopter,AGI,24,2.8,19,2.1,18,2.1,560,1.69,303,1.24,5,20,324.61,0.6,42,37,47,0,0,42,37,47,0,25,1.7,24,RANGED,1.37,0.73,0.2,3000,0,700,746.67,0,0,0,365,1800,800,0,42,30.66
<div class="heroes-sprite-huskar heroes-sprite-32x18"></div>,Huskar,STR,15,1.4,18,1.5,21,2.7,620,1.72,291,1.22,1.5,6.98,295,0.5,46.5,42,51,0,0,46.5,42,51,3.15,25,1.6,15,RANGED,1.39,0.72,0.4,1400,0,666.5,826.67,0,0,0,400,1800,800,0,46.5,33.48
<div class="heroes-sprite-invoker heroes-sprite-32x18"></div>,Invoker,INT,14,1.9,16,4,16,2.2,520,1.67,267,1.19,1.33,6.25,280,0.5,38,35,41,0,0,38,35,41,0,23.2,1.7,14,RANGED,1.49,0.67,0.4,900,0,554.67,677.08,0,0,0,600,1800,800,0,38,25.46
<div class="heroes-sprite-jakiro heroes-sprite-32x18"></div>,Jakiro,INT,10,1.2,28,2.8,25,2.6,700,1.77,411,1.4,2.67,11.76,290,0.5,57,53,61,0,0,57,53,61,0,21.85,1.7,10,RANGED,1.55,0.65,0.4,1100,0,793.33,895.71,0,0,0,400,1800,800,0,57,37.05
<div class="heroes-sprite-juggernaut heroes-sprite-32x18"></div>,Juggernaut,AGI,26,2.4,14,1.4,20,2.2,600,2.29,243,1.15,4.33,17.81,299.6,0.6,50,48,52,0,0,50,48,52,0,25,1.4,26,MELEE,1.11,0.9,0.33,0,0,730,800,0,0,0,150,1800,800,0,50,45
<div class="heroes-sprite-keeper_of_the_light heroes-sprite-32x18"></div>,Keeper of the Light,INT,15,1.6,25,2.8,14,2.1,480,1.65,375,1.35,1.5,6.98,335,0.5,46.5,43,50,0,0,46.5,43,50,0,22.19,1.7,15,RANGED,1.48,0.68,0.3,900,0,516,616.87,0,0,0,600,1800,800,0,46.5,31.62
<div class="heroes-sprite-kunkka heroes-sprite-32x18"></div>,Kunkka,STR,14,1.3,18,1.5,24,3.3,680,1.76,291,1.22,4.33,17.81,300,0.6,55,50,60,0,0,55,50,60,3.6,25,1.7,14,MELEE,1.49,0.67,0.4,900,0,827.33,906.67,0,0,0,150,1800,800,0,55,36.85
<div class="heroes-sprite-legion_commander heroes-sprite-32x18"></div>,Legion Commander,STR,18,1.7,20,2.2,26,2.9,720,1.78,315,1.26,3,13.04,320,0.5,63,61,65,0,0,63,61,65,3.9,25,1.7,18,MELEE,1.44,0.69,0.46,900,0,828,960,0,0,0,150,1800,800,0,63,43.47
<div class="heroes-sprite-leshrac heroes-sprite-32x18"></div>,Leshrac,INT,23,1.7,26,3,16,1.8,520,1.67,387,1.37,3.83,16.08,325,0.5,43,41,45,0,0,43,41,45,0,22.07,1.7,23,RANGED,1.38,0.72,0.4,900,0,619.67,667.31,0,0,0,600,1800,800,0,43,30.96
<div class="heroes-sprite-lich heroes-sprite-32x18"></div>,Lich,INT,15,2,18,3.25,18,1.85,560,1.69,291,1.22,1.5,6.98,315,0.5,46.5,42,51,0,0,46.5,42,51,0,22.98,1.7,15,RANGED,1.48,0.68,0.46,900,0,602,727.04,0,0,0,550,1800,800,0,46.5,31.62
<div class="heroes-sprite-life_stealer heroes-sprite-32x18"></div>,Lifestealer,STR,18,1.9,15,1.75,25,3.1,700,1.77,255,1.17,2,9.09,315,1,57,52,62,0,0,57,52,62,3.75,25,1.85,18,MELEE,1.57,0.64,0.39,900,0,770,933.33,0,0,0,150,1800,800,0,57,36.48
<div class="heroes-sprite-lina heroes-sprite-32x18"></div>,Lina,INT,16,1.5,27,3.2,18,1.8,560,1.69,399,1.39,1.67,7.69,295,0.5,49,40,58,0,0,49,40,58,0,21.96,1.6,16,RANGED,1.38,0.72,0.75,1000,0,606.67,717.6,0,0,0,670,1800,800,0,49,35.28
<div class="heroes-sprite-lion heroes-sprite-32x18"></div>,Lion,INT,15,1.5,20,3,16,2,520,1.67,315,1.26,1.5,6.98,290,0.5,50,47,53,0,0,50,47,53,0,22.75,1.7,15,RANGED,1.48,0.68,0.43,900,0,559,673.14,0,0,0,600,1800,800,0,50,34
<div class="heroes-sprite-lone_druid heroes-sprite-32x18"></div>,Lone Druid,AGI,24,2.7,13,1.4,17,2.4,540,1.96,231,1.13,4,16.67,324.61,0.5,44,42,46,0,0,44,42,46,0,25,1.7,24,RANGED,1.37,0.73,0.33,900,0,648,720,0,0,0,550,1800,800,0,44,32.12
<div class="heroes-sprite-luna heroes-sprite-32x18"></div>,Luna,AGI,18,3.3,16,1.85,15,2.2,500,1.66,267,1.19,3,13.04,333.56,0.6,41,38,44,0,0,41,38,44,0,25,1.7,18,RANGED,1.44,0.69,0.46,900,0,575,666.67,0,0,0,330,1800,800,0,41,28.29
<div class="heroes-sprite-lycan heroes-sprite-32x18"></div>,Lycan,STR,16,1,17,1.55,25,3.3,700,1.77,279,1.21,3.67,15.49,305,0.5,63.5,61,66,0,0,63.5,61,66,3.75,25,1.7,16,MELEE,1.47,0.68,0.55,900,0,828.33,933.33,0,0,0,150,1800,800,0,63.5,43.18
<div class="heroes-sprite-magnataur heroes-sprite-32x18"></div>,Magnus,STR,15,2.5,19,1.65,21,3.2,620,2.3,303,1.24,4.5,18.37,310,0.8,59,53,65,0,0,59,53,65,3.15,25,1.8,15,MELEE,1.57,0.64,0.5,900,0,759.5,826.67,0,0,0,150,1800,800,0,59,37.76
<div class="heroes-sprite-medusa heroes-sprite-32x18"></div>,Medusa,AGI,20,2.5,19,2.1,14,1.3,480,1.65,303,1.24,2.33,10.45,278.3,0.5,47,44,50,0,0,47,44,50,0,25,1.7,20,RANGED,1.42,0.71,0.5,1200,0,536,640,0,0,0,600,1800,800,0,47,33.37
<div class="heroes-sprite-meepo heroes-sprite-32x18"></div>,Meepo,AGI,23,2.2,20,1.6,23,1.6,660,1.75,315,1.26,2.83,12.41,314.28,0.65,46,43,49,0,0,46,43,49,0,25,1.7,23,MELEE,1.38,0.72,0.38,900,0,753.5,880,0,0,0,150,1800,800,0,46,33.12
<div class="heroes-sprite-mirana heroes-sprite-32x18"></div>,Mirana,AGI,18,3.2,17,1.65,17,2.15,540,1.68,279,1.21,2,9.09,298.19,0.5,44.5,39,50,0,0,44.5,39,50,0,25,1.7,18,RANGED,1.44,0.69,0.3,900,0,594,720,0,0,0,630,1800,800,0,44.5,30.7
<div class="heroes-sprite-monkey_king heroes-sprite-32x18"></div>,Monkey King,AGI,22,3.2,20,1.8,18,2.8,560,3.39,315,1.26,0.67,3.23,303.96,0.6,52,49,55,0,0,52,49,55,0,25,1.7,22,MELEE,1.39,0.72,0.45,900,0,578.67,746.67,0,0,0,300,1800,800,0,52,37.44
<div class="heroes-sprite-morphling heroes-sprite-32x18"></div>,Morphling,AGI,24,3.7,13,1.1,19,2.3,580,1.7,231,1.13,2,9.09,284.03,0.6,37.5,33,42,0,0,37.5,33,42,0,25,1.5,24,RANGED,1.21,0.83,0.5,1300,0,638,773.33,0,0,0,350,1800,800,0,37.5,31.13
<div class="heroes-sprite-naga_siren heroes-sprite-32x18"></div>,Naga Siren,AGI,21,3.2,21,2,21,2.8,620,3.45,327,1.28,6.5,24.53,318.97,0.5,45,44,46,0,0,45,44,46,0,25,1.7,21,MELEE,1.4,0.71,0.5,900,0,821.5,826.67,0,0,0,150,1800,800,0,45,31.95
<div class="heroes-sprite-necrolyte heroes-sprite-32x18"></div>,Necrophos,INT,15,1.2,22,2.5,16,2.3,520,1.67,339,1.3,3.5,14.89,285,0.5,46,44,48,0,0,46,44,48,0,22.53,1.7,15,RANGED,1.48,0.68,0.53,900,0,611,671.18,0,0,0,550,1800,800,0,46,31.28
<div class="heroes-sprite-nevermore heroes-sprite-32x18"></div>,Shadow Fiend,AGI,20,2.9,18,2,15,2.3,500,1.94,291,1.22,1.33,6.25,313.72,1,38,35,41,0,0,38,35,41,0,25,1.7,20,RANGED,1.42,0.71,0.5,1200,0,533.33,666.67,0,0,0,500,1800,800,0,38,26.98
<div class="heroes-sprite-night_stalker heroes-sprite-32x18"></div>,Night Stalker,STR,18,2.25,13,1.6,23,3.1,660,3.78,231,1.13,6,23.08,295,0.5,63,61,65,0,0,63,61,65,3.45,25,1.7,18,MELEE,1.44,0.69,0.55,900,0,858,880,0,0,0,150,800,1800,0,63,43.47
<div class="heroes-sprite-nyx_assassin heroes-sprite-32x18"></div>,Nyx Assassin,AGI,19,2.2,18,2.1,18,2.3,560,5.36,291,1.22,4.17,17.24,298.36,0.5,48,46,50,0,0,48,46,50,0,25,1.7,19,MELEE,1.43,0.7,0.46,900,0,676.67,746.67,0,0,0,150,1800,800,0,48,33.6
<div class="heroes-sprite-obsidian_destroyer heroes-sprite-32x18"></div>,Outworld Devourer,INT,24,2,26,2.7,19,2.6,580,1.7,387,1.37,4.5,18.37,315,0.5,47.5,40,55,0,0,47.5,40,55,0,22.07,1.7,24,RANGED,1.37,0.73,0.46,900,0,710.5,744.31,0,0,0,450,1800,800,0,47.5,34.67
<div class="heroes-sprite-ogre_magi heroes-sprite-32x18"></div>,Ogre Magi,INT,14,1.55,17,2,23,3.5,660,5.53,279,1.21,8.33,29.41,285,0.6,61,58,64,0,0,61,58,64,0,23.09,1.7,14,MELEE,1.49,0.67,0.3,900,0,935,858.12,0,0,0,150,1800,800,0,61,40.87
<div class="heroes-sprite-omniknight heroes-sprite-32x18"></div>,Omniknight,STR,15,1.75,15,1.8,22,3.1,640,1.74,255,1.17,5.5,21.57,305,0.6,58,53,63,0,0,58,53,63,3.3,25,1.7,15,MELEE,1.48,0.68,0.433,900,0,816,853.33,0,0,0,150,1800,800,0,58,39.44
<div class="heroes-sprite-oracle heroes-sprite-32x18"></div>,Oracle,INT,15,1.7,23,2.9,18,2.2,560,1.69,351,1.31,2.5,11.11,305,0.5,42,39,45,0,0,42,39,45,0,22.41,1.4,15,RANGED,1.22,0.82,0.3,900,0,630,721.77,0,0,0,620,1800,800,0,42,34.44
<div class="heroes-sprite-pangolier heroes-sprite-32x18"></div>,Pangolier,AGI,18,2.8,16,1.9,16,2.5,520,1.67,267,1.19,4,16.67,308.29,1,50,47,53,0,0,50,47,53,0,25,1.7,18,MELEE,1.44,0.69,0.33,900,0,624,693.33,0,0,0,150,1800,800,0,50,34.5
<div class="heroes-sprite-phantom_assassin heroes-sprite-32x18"></div>,Phantom Assassin,AGI,23,3.15,15,1.4,20,2.15,600,1.71,255,1.17,4.83,19.46,309.21,0.6,47,46,48,0,0,47,46,48,0,25,1.7,23,MELEE,1.38,0.72,0.3,900,0,745,800,0,0,0,150,1800,800,0,47,33.84
<div class="heroes-sprite-phantom_lancer heroes-sprite-32x18"></div>,Phantom Lancer,AGI,29,2.8,21,2,21,2,620,3.45,327,1.28,4.83,19.46,289.96,0.6,62,51,73,0,0,62,51,73,0,25,1.7,29,MELEE,1.32,0.76,0.5,900,0,769.83,826.67,0,0,0,150,1800,800,0,62,47.12
<div class="heroes-sprite-phoenix heroes-sprite-32x18"></div>,Phoenix,STR,12,1.3,18,1.8,19,3.2,580,1.7,291,1.22,0,0,285,1,50,45,55,0,0,50,45,55,2.85,25,1.7,12,RANGED,1.52,0.66,0.35,1100,0,580,773.33,0,0,0,500,1800,800,0,50,33
<div class="heroes-sprite-puck heroes-sprite-32x18"></div>,Puck,INT,22,1.7,25,2.4,15,2,500,1.66,375,1.35,1.67,7.69,295,0.5,58.5,53,64,0,0,58.5,53,64,0,22.19,1.7,22,RANGED,1.39,0.72,0.5,900,0,541.67,642.57,0,0,0,550,1800,800,0,58.5,42.12
<div class="heroes-sprite-pudge heroes-sprite-32x18"></div>,Pudge,STR,14,1.5,14,1.5,25,3.5,700,1.77,243,1.15,1.33,6.25,280,0.7,55,52,58,0,0,55,52,58,3.75,25,1.7,14,MELEE,1.49,0.67,0.5,0,0,746.67,933.33,0,0,0,150,1800,800,0,55,36.85
<div class="heroes-sprite-pugna heroes-sprite-32x18"></div>,Pugna,INT,16,1,26,4.5,17,1.5,540,1.68,387,1.37,1.67,7.69,335,0.5,49,45,53,0,0,49,45,53,0,22.07,1.7,16,RANGED,1.47,0.68,0.5,900,0,585,692.97,0,0,0,630,1800,800,0,49,33.32
<div class="heroes-sprite-queenofpain heroes-sprite-32x18"></div>,Queen of Pain,INT,18,2,24,2.5,16,2,520,1.67,363,1.33,2,9.09,295,0.5,49,45,53,0,0,49,45,53,0,22.3,1.5,18,RANGED,1.27,0.79,0.56,1500,0,572,669.24,0,0,0,550,1800,800,0,49,38.71
<div class="heroes-sprite-rattletrap heroes-sprite-32x18"></div>,Clockwerk,STR,13,2.3,17,1.3,26,3.2,720,1.78,279,1.21,2.17,9.77,315,0.6,55,54,56,0,0,55,54,56,3.9,25,1.7,13,MELEE,1.5,0.66,0.33,900,0,798,960,0,0,0,150,1800,800,0,55,36.3
<div class="heroes-sprite-razor heroes-sprite-32x18"></div>,Razor,AGI,22,1.8,21,1.8,21,2.6,620,1.72,327,1.28,2.67,11.76,288.76,0.5,46,45,47,0,0,46,45,47,0,25,1.7,22,RANGED,1.39,0.72,0.3,2000,0,702.67,826.67,0,0,0,475,1800,800,0,46,33.12
<div class="heroes-sprite-riki heroes-sprite-32x18"></div>,Riki,AGI,30,2.2,14,1.3,17,1.9,540,1.68,243,1.15,5,20,279.95,0.6,36,34,38,0,0,36,34,38,0,25,1.7,30,MELEE,1.31,0.76,0.3,900,0,675,720,0,0,0,150,1800,800,0,36,27.36
<div class="heroes-sprite-rubick heroes-sprite-32x18"></div>,Rubick,INT,14,1.6,27,2.4,19,1.8,580,1.7,399,1.39,1.33,6.25,290,0.7,49,44,54,0,0,49,44,54,0,21.96,1.7,14,RANGED,1.49,0.67,0.4,1125,0,618.67,743.23,0,0,0,550,1800,800,0,49,32.83
<div class="heroes-sprite-sand_king heroes-sprite-32x18"></div>,Sand King,STR,19,2.1,16,1.8,22,2.9,640,1.74,267,1.19,3.17,13.67,295,0.5,55,47,63,0,0,55,47,63,3.3,25,1.7,19,MELEE,1.43,0.7,0.53,900,0,741.33,853.33,0,0,0,150,1800,800,0,55,38.5
<div class="heroes-sprite-shadow_demon heroes-sprite-32x18"></div>,Shadow Demon,INT,18,2.2,23,2.7,21,2.2,620,1.72,351,1.31,3,13.04,295,0.6,52,50,54,0,0,52,50,54,0,22.41,1.7,18,RANGED,1.44,0.69,0.35,900,0,713,799.1,0,0,0,500,1800,800,0,52,35.88
<div class="heroes-sprite-shadow_shaman heroes-sprite-32x18"></div>,Shadow Shaman,INT,16,1.6,21,3,21,2.1,620,1.72,327,1.28,2.67,11.76,285,0.5,74.5,71,78,0,0,74.5,71,78,0,22.64,1.7,16,RANGED,1.47,0.68,0.3,900,0,702.67,801.42,0,0,0,400,1800,800,0,74.5,50.66
<div class="heroes-sprite-shredder heroes-sprite-32x18"></div>,Timbersaw,STR,16,1.3,21,2.4,21,2.1,620,1.72,327,1.28,0.67,3.23,290,0.6,49,47,51,0,0,49,47,51,3.15,25,1.7,16,MELEE,1.47,0.68,0.36,900,0,640.67,826.67,0,0,0,150,1800,800,0,49,33.32
<div class="heroes-sprite-silencer heroes-sprite-32x18"></div>,Silencer,INT,22,3,27,2.5,17,2.5,540,1.68,399,1.39,2.67,11.76,295,0.6,50,43,57,0,0,50,43,57,0,21.96,1.7,22,RANGED,1.39,0.72,0.5,1000,0,612,691.98,0,0,0,600,1800,800,0,50,36
<div class="heroes-sprite-skeleton_king heroes-sprite-32x18"></div>,Wraith King,STR,18,1.7,18,1.6,22,2.8,640,1.74,291,1.22,3,13.04,300,0.5,62,61,63,0,0,62,61,63,3.3,25,1.7,18,MELEE,1.44,0.69,0.56,0,0,736,853.33,0,0,0,150,1800,800,0,62,42.78
<div class="heroes-sprite-skywrath_mage heroes-sprite-32x18"></div>,Skywrath Mage,INT,13,0.8,27,3.6,19,1.8,580,1.7,399,1.39,0.17,0.83,330,0.5,44,39,49,0,0,44,39,49,0,21.96,1.7,13,RANGED,1.5,0.66,0.4,1000,0,584.83,743.23,0,0,0,600,1800,800,0,44,29.04
<div class="heroes-sprite-slardar heroes-sprite-32x18"></div>,Slardar,STR,17,2.4,15,1.5,21,3.1,620,1.72,255,1.17,5.83,22.58,290,0.5,55,51,59,0,0,55,51,59,3.15,25,1.7,17,MELEE,1.45,0.69,0.36,0,0,800.83,826.67,0,0,0,150,1800,800,0,55,37.95
<div class="heroes-sprite-slark heroes-sprite-32x18"></div>,Slark,AGI,21,1.5,16,1.7,20,1.9,600,1.71,267,1.19,2.5,11.11,298.72,0.5,58,54,62,0,0,58,54,62,0,25,1.7,21,MELEE,1.4,0.71,0.5,0,0,675,800,0,0,0,150,1800,1800,0,58,41.18
<div class="heroes-sprite-sniper heroes-sprite-32x18"></div>,Sniper,AGI,21,2.7,15,2.6,16,1.7,520,1.67,255,1.17,2.5,11.11,288.59,0.7,39,36,42,0,0,39,36,42,0,25,1.7,21,RANGED,1.4,0.71,0.17,3000,0,585,693.33,0,0,0,550,1800,1100,0,39,27.69
<div class="heroes-sprite-spectre heroes-sprite-32x18"></div>,Spectre,AGI,23,1.8,16,1.9,20,2.3,600,1.71,267,1.19,3.83,16.08,288.93,0.5,48,46,50,0,0,48,46,50,0,25,1.7,23,MELEE,1.38,0.72,0.3,900,0,715,800,0,0,0,150,1800,800,0,48,34.56
<div class="heroes-sprite-spirit_breaker heroes-sprite-32x18"></div>,Spirit Breaker,STR,17,1.7,14,1.8,29,2.7,780,1.21,243,1.15,5.83,22.58,285,0.5,65,60,70,0,0,65,60,70,4.35,25,1.9,17,MELEE,1.62,0.62,0.6,900,0,1007.5,1040,0,0,0,150,1800,800,0,65,40.3
<div class="heroes-sprite-storm_spirit heroes-sprite-32x18"></div>,Storm Spirit,INT,22,1.5,24,3,19,1.8,580,1.7,363,1.33,5.67,22.08,285,0.8,51,46,56,0,0,51,46,56,0,22.3,1.7,22,RANGED,1.39,0.72,0.5,1100,0,744.33,746.46,0,0,0,480,1800,800,0,51,36.72
<div class="heroes-sprite-sven heroes-sprite-32x18"></div>,Sven,STR,21,2,16,1.3,23,3,660,1.75,267,1.19,5.5,21.57,290,0.6,65,64,66,0,0,65,64,66,3.45,25,1.8,21,MELEE,1.49,0.67,0.4,0,0,841.5,880,0,0,0,150,1800,800,0,65,43.55
<div class="heroes-sprite-techies heroes-sprite-32x18"></div>,Techies,INT,14,1.3,22,2.9,17,2.3,540,1.68,339,1.3,7.33,26.83,270,0.5,30,29,31,0,0,30,29,31,0,22.53,1.7,14,RANGED,1.49,0.67,0.5,900,0,738,697,0,0,0,700,1800,800,0,30,20.1
<div class="heroes-sprite-templar_assassin heroes-sprite-32x18"></div>,Templar Assassin,AGI,23,2.3,20,2,18,2.4,560,1.69,315,1.26,4.83,19.46,304.14,0.7,56,53,59,0,0,56,53,59,0,25,1.7,23,RANGED,1.38,0.72,0.3,900,0,695.33,746.67,0,0,0,140,1800,800,0,56,40.32
<div class="heroes-sprite-terrorblade heroes-sprite-32x18"></div>,Terrorblade,AGI,22,3.2,19,1.6,15,1.7,500,3.6,303,1.24,10.67,34.78,314.09,0.5,51,48,54,0,0,51,48,54,0,25,1.5,22,MELEE,1.23,0.81,0.3,900,0,766.67,666.67,0,0,0,150,1800,800,0,51,41.31
<div class="heroes-sprite-tidehunter heroes-sprite-32x18"></div>,Tidehunter,STR,15,1.5,16,1.7,22,3.3,640,1.74,267,1.19,3.5,14.89,305,0.5,50,47,53,0,0,50,47,53,3.3,25,1.7,15,MELEE,1.48,0.68,0.6,900,0,752,853.33,0,0,0,150,1800,800,0,50,34
<div class="heroes-sprite-tinker heroes-sprite-32x18"></div>,Tinker,INT,13,1.2,30,2.2,17,2.3,540,1.68,435,1.44,4.17,17.24,305,0.6,55,52,58,0,0,55,52,58,0,21.63,1.7,13,RANGED,1.5,0.66,0.35,900,0,652.5,689,0,0,0,500,1800,800,0,55,36.3
<div class="heroes-sprite-tiny heroes-sprite-32x18"></div>,Tiny,STR,0,0,17,1.6,30,3.3,800,3.04,279,1.21,0,0,285,0.5,77,74,80,0,0,77,74,80,4.5,25,1.7,0,MELEE,1.7,0.59,0.4,900,0,800,1066.67,0,0,0,150,1800,800,0,77,45.43
<div class="heroes-sprite-treant heroes-sprite-32x18"></div>,Treant Protector,STR,15,2,17,1.8,25,3.6,700,1.77,279,1.21,1.5,6.98,270,0.5,91,87,95,0,0,91,87,95,3.75,25,1.9,15,MELEE,1.65,0.61,0.6,900,0,752.5,933.33,0,0,0,150,1800,800,0,91,55.51
<div class="heroes-sprite-troll_warlord heroes-sprite-32x18"></div>,Troll Warlord,AGI,21,2.5,13,1,20,2.5,600,1.71,231,1.13,2.5,11.11,298.72,0.5,47,38,56,0,0,47,38,56,0,25,1.7,21,RANGED,1.4,0.71,0.3,1200,0,675,800,0,0,0,500,1800,800,0,47,33.37
<div class="heroes-sprite-tusk heroes-sprite-32x18"></div>,Tusk,STR,23,2.1,18,1.7,23,3,660,1.75,291,1.22,3.83,16.08,300,0.7,52,50,54,0,0,52,50,54,3.45,25,1.7,23,MELEE,1.38,0.72,0.36,900,0,786.5,880,0,0,0,150,1800,800,0,52,37.44
<div class="heroes-sprite-undying heroes-sprite-32x18"></div>,Undying,STR,10,0.8,27,2.8,22,2.4,640,1.74,399,1.39,4.67,18.92,310,0.6,61,57,65,0,0,61,57,65,3.3,25,1.7,10,MELEE,1.55,0.65,0.3,900,0,789.33,853.33,0,0,0,150,1800,800,0,61,39.65
<div class="heroes-sprite-ursa heroes-sprite-32x18"></div>,Ursa,AGI,18,2.1,16,1.5,23,3,660,2.33,267,1.19,6,23.08,308.29,0.5,44,42,46,0,0,44,42,46,0,25,1.7,18,MELEE,1.44,0.69,0.3,900,0,858,880,0,0,0,150,1800,800,0,44,30.36
<div class="heroes-sprite-vengefulspirit heroes-sprite-32x18"></div>,Vengeful Spirit,AGI,27,3.3,13,1.5,18,2.9,560,1.69,231,1.13,4.5,18.37,299.78,0.6,43,39,47,0,0,43,39,47,0,25,1.7,27,RANGED,1.34,0.75,0.33,1500,0,686,746.67,0,0,0,400,1800,800,0,43,32.25
<div class="heroes-sprite-venomancer heroes-sprite-32x18"></div>,Venomancer,AGI,22,2.8,17,1.8,18,1.9,560,1.69,279,1.21,3.67,15.49,278.63,0.5,39,38,40,0,0,39,38,40,0,25,1.7,22,RANGED,1.39,0.72,0.3,900,0,662.67,746.67,0,0,0,450,1800,800,0,39,28.08
<div class="heroes-sprite-viper heroes-sprite-32x18"></div>,Viper,AGI,21,2.9,15,1.8,20,2.4,600,1.71,255,1.17,1.5,6.98,278.46,0.5,45,44,46,0,0,45,44,46,0,25,1.7,21,RANGED,1.4,0.71,0.33,1200,0,645,800,0,0,0,575,1800,800,0,45,31.95
<div class="heroes-sprite-visage heroes-sprite-32x18"></div>,Visage,INT,11,1.3,24,2.5,22,2.7,640,1.74,363,1.33,-0.17,-0.83,285,0.5,50,45,55,0,0,50,45,55,0,6.76,1.7,11,RANGED,1.53,0.65,0.46,900,0,634.75,686.4,0,0,0,600,1800,800,0,50,32.5
<div class="heroes-sprite-warlock heroes-sprite-32x18"></div>,Warlock,INT,10,1,24,2.7,22,2.8,640,1.74,363,1.33,2.67,11.76,295,0.5,51,46,56,0,0,51,46,56,0,22.3,1.7,10,RANGED,1.55,0.65,0.3,1200,0,725.33,823.68,0,0,0,600,1800,800,0,51,33.15
<div class="heroes-sprite-weaver heroes-sprite-32x18"></div>,Weaver,AGI,14,2.8,15,1.8,15,1.8,500,1.66,255,1.17,1.33,6.25,282.35,0.5,55,50,60,0,0,55,50,60,0,25,1.8,14,RANGED,1.58,0.63,0.64,900,0,533.33,666.67,0,0,0,425,1800,800,0,55,34.65
<div class="heroes-sprite-windrunner heroes-sprite-32x18"></div>,Windranger,INT,17,1.4,22,2.6,15,2.8,500,1.66,339,1.3,1.83,8.4,295,0.8,50,44,56,0,0,50,44,56,0,22.53,1.5,17,RANGED,1.28,0.78,0.4,1250,0,545.83,645.37,0,0,0,600,1800,800,0,50,39
<div class="heroes-sprite-winter_wyvern heroes-sprite-32x18"></div>,Winter Wyvern,INT,16,1.9,25,3.1,24,2.4,680,1.76,375,1.35,1.67,7.69,285,0.5,38.5,35,42,0,0,38.5,35,42,0,22.19,1.7,16,RANGED,1.47,0.68,0.25,700,0,736.67,873.9,0,0,0,425,1800,800,0,38.5,26.18
<div class="heroes-sprite-wisp heroes-sprite-32x18"></div>,Io,STR,14,1.6,23,1.7,17,2.2,540,1.68,351,1.31,0.33,1.64,295,0.7,47.5,43,52,0,0,47.5,43,52,2.55,25,1.7,14,RANGED,1.49,0.67,0.15,1200,0,549,720,0,0,0,575,1800,800,0,47.5,31.83
<div class="heroes-sprite-witch_doctor heroes-sprite-32x18"></div>,Witch Doctor,INT,13,1.4,24,2.9,16,2.1,520,1.67,363,1.33,1.17,5.51,305,0.5,56,51,61,0,0,56,51,61,0,22.3,1.7,13,RANGED,1.5,0.66,0.4,1200,0,550.33,669.24,0,0,0,600,1800,800,0,56,36.96
<div class="heroes-sprite-zuus heroes-sprite-32x18"></div>,Zeus,INT,11,1.2,22,2.7,19,2.6,580,1.7,339,1.3,1.83,8.4,300,0.6,47,43,51,0,0,47,43,51,0,22.53,1.7,11,RANGED,1.53,0.65,0.633,1100,0,633.17,748.63,0,0,0,350,1800,800,0,47,30.55
